"Lazz", "DioneTweedlie", "374-(954)488-9771"
"Centizu", "DaltonHatherill", "231-(544)896-2818"
"Fivechat", "MasonCattini", "39-(979)617-5679"
"Thoughtbeat", "NorahCouvert", "92-(968)758-1958"
"Avamm", "NessyKinny", "1-(516)240-2366"
"Blogpad", "DaiseySwinney", "86-(833)329-4949"
"Agivu", "RandieCrocetti", "46-(487)185-6109"
"Zoomdog", "WhitneyDelgardillo", "86-(124)664-6824"
"Twitterbeat", "MaridelDangerfield", "965-(428)772-4402"
"Dazzlesphere", "MathildeHarmon", "63-(423)260-6268"
"Lazz", "DioneTweedlie", "374-(954)488-9771"
"Centizu", "DaltonHatherill", "231-(544)896-2818"
"Fivechat", "MasonCattini", "39-(979)617-5679"
"Thoughtbeat", "NorahCouvert", "92-(968)758-1958"
"Avamm", "NessyKinny", "1-(516)240-2366"
"Blogpad", "DaiseySwinney", "86-(833)329-4949"
"Agivu", "RandieCrocetti", "46-(487)185-6109"
"Zoomdog", "WhitneyDelgardillo", "86-(124)664-6824"
"Twitterbeat", "MaridelDangerfield", "965-(428)772-4402"
"Dazzlesphere", "MathildeHarmon", "63-(423)260-6268"
"Lazz", "DioneTweedlie", "374-(954)488-9771"
"Centizu", "DaltonHatherill", "231-(544)896-2818"
"Fivechat", "MasonCattini", "39-(979)617-5679"
"Thoughtbeat", "NorahCouvert", "92-(968)758-1958"
"Avamm", "NessyKinny", "1-(516)240-2366"
"Blogpad", "DaiseySwinney", "86-(833)329-4949"
"Agivu", "RandieCrocetti", "46-(487)185-6109"
"Zoomdog", "WhitneyDelgardillo", "86-(124)664-6824"
"Twitterbeat", "MaridelDangerfield", "965-(428)772-4402"
"Dazzlesphere", "MathildeHarmon", "63-(423)260-6268"
